{
  "Users": [
    {
      "id": 1,
      "Book_title": "All passion",
      "Book_auther": "Kimen nnnn",
      "NumberOfBooks": "16"
    },
    {
      "id": 2,
      "Book_title": "All the King's Men",
      "Book_auther": "Robert Penn Warren",
      "NumberOfBooks": "35"
    },
    {
      "id": 3,
      "Book_title": "Alone on a Wide, Wide Sea",
      "Book_auther": "Michael Morpurgo",
      "NumberOfBooks": 20
    },
    {
      "id": 4,
      "Book_title": "An Acceptable Time",
      "Book_auther": "Madeleine L'Engle",
      "NumberOfBooks": 15
    },
    {
      "id": 5,
      "Book_title": "Cabbages and Kings",
      "Book_auther": "O. Henry",
      "NumberOfBooks": 10
    },
    {
      "id": "8",
      "Book_title": "last book",
      "Book_auther": "Madeleine L'Engle",
      "NumberOfBooks": 15
    },
    {
      "id": "10",
      "Book_title": "The Enigma",
      "Book_auther": "Alan Turing",
      "NumberOfBooks": "12"
    },
    {
      "id": "7",
      "Book_title": "All passion",
      "Book_auther": "Kimen Paul",
      "NumberOfBooks": 15
    }
  ]
}